<?xml version="1.0" encoding="UTF-8"?>
<project-private xmlns="http://www.netbeans.org/ns/project-private/1">
    <editor-bookmarks xmlns="http://www.netbeans.org/ns/editor-bookmarks/2" lastBookmarkId="0"/>
    <open-files xmlns="http://www.netbeans.org/ns/projectui-open-files/2">
        <group>
            <file>file:/D:/net/www/cookDbook/style-1.css</file>
            <file>file:/D:/net/www/cookDbook/login-signup.php</file>
            <file>file:/D:/net/www/cookDbook/mail.php</file>
            <file>file:/D:/net/www/cookDbook/includes/script.php</file>
        </group>
    </open-files>
</project-private>
